Survey Question,Answer Option,Unweighted Frequency,Weighted Percent
How old are you?,11 years old or younger,295,3.0
How old are you?,12 years old,991,13.4
How old are you?,13 years old,2136,27.3
How old are you?,14 years old,2017,22.5
How old are you?,15 years old,1679,18.2
How old are you?,16 years old,1083,11.1
How old are you?,17 years old or older,475,4.5
What is your sex?,Male,3987,60.5
What is your sex?,Female,4661,39.5
In what grade/form are you?,7th,2554,30.9
In what grade/form are you?,8th,2270,27.6
In what grade/form are you?,9th,2165,25.2
In what grade/form are you?,10th,1695,16.4
"During an average week, how much money do you have that you can spend on yourself, however you want? (in PKR)",I usually don't have any money,1690,20.5
"During an average week, how much money do you have that you can spend on yourself, however you want? (in PKR)",Less than 100,4513,54.8
"During an average week, how much money do you have that you can spend on yourself, however you want? (in PKR)",101-150,1048,11.6
"During an average week, how much money do you have that you can spend on yourself, however you want? (in PKR)",151-200,461,4.2
"During an average week, how much money do you have that you can spend on yourself, however you want? (in PKR)",201-250,178,1.9
"During an average week, how much money do you have that you can spend on yourself, however you want? (in PKR)",251-300,155,1.4
"During an average week, how much money do you have that you can spend on yourself, however you want? (in PKR)",Over 300,551,5.7
What level of education did your father (stepfather) complete?,Illiterate,2131,25.5
What level of education did your father (stepfather) complete?,Middle,1601,21.2
What level of education did your father (stepfather) complete?,Matric,2231,26.0
What level of education did your father (stepfather) complete?,Intermediate,441,4.4
What level of education did your father (stepfather) complete?,Graduation,587,6.6
What level of education did your father (stepfather) complete?,Post graduation,522,4.0
What level of education did your father (stepfather) complete?,Don't know,1101,12.5
What level of education did your mother (stepmother) complete?,Illiterate,3710,42.1
What level of education did your mother (stepmother) complete?,Middle,1488,18.3
What level of education did your mother (stepmother) complete?,Matric,1289,15.1
What level of education did your mother (stepmother) complete?,Intermediate,277,3.2
What level of education did your mother (stepmother) complete?,Graduation,350,4.1
What level of education did your mother (stepmother) complete?,Post graduation,280,3.0
What level of education did your mother (stepmother) complete?,Don't know,1167,14.2
"Have you ever tried or experimented with cigarette smoking, even one or two puffs? Original Analysis Unweighted Unweighted",Yes,1056,12.8
"Have you ever tried or experimented with cigarette smoking, even one or two puffs? Original Analysis Unweighted Unweighted",No,7092,87.2
How old were you when you first tried a cigarette?,I have never tried smoking a cigarette,7589,92.1
How old were you when you first tried a cigarette?,7 years old or younger,199,2.1
How old were you when you first tried a cigarette?,8 or 9 years old,73,0.9
How old were you when you first tried a cigarette?,10 or 11 years old,91,1.0
How old were you when you first tried a cigarette?,12 or 13 years old,142,2.1
How old were you when you first tried a cigarette?,14 or 15 years old,146,1.3
How old were you when you first tried a cigarette?,16 years old or older,57,0.4
"During the past 30 days, on how many days did you smoke cigarettes?",0 days,7808,97.0
"During the past 30 days, on how many days did you smoke cigarettes?",1 or 2 days,120,1.5
"During the past 30 days, on how many days did you smoke cigarettes?",3 to 5 days,43,0.5
"During the past 30 days, on how many days did you smoke cigarettes?",6 to 9 days,25,0.5
"During the past 30 days, on how many days did you smoke cigarettes?",10 to 19 days,11,0.2
"During the past 30 days, on how many days did you smoke cigarettes?",20 to 29 days,8,0.1
"During the past 30 days, on how many days did you smoke cigarettes?",All 30 days,26,0.3
Please think about the days you smoked cigarettes during the past 30 days. How many cigarettes did you usually smoke per day?,I did not smoke cigarettes during the past 30 days,7860,95.7
Please think about the days you smoked cigarettes during the past 30 days. How many cigarettes did you usually smoke per day?,Less than 1 cigarette per day,195,2.5
Please think about the days you smoked cigarettes during the past 30 days. How many cigarettes did you usually smoke per day?,1 cigarette per day,54,0.6
Please think about the days you smoked cigarettes during the past 30 days. How many cigarettes did you usually smoke per day?,2 to 5 cigarettes per day,42,0.5
Please think about the days you smoked cigarettes during the past 30 days. How many cigarettes did you usually smoke per day?,6 to 10 cigarettes per day,9,0.4
Please think about the days you smoked cigarettes during the past 30 days. How many cigarettes did you usually smoke per day?,11 to 20 cigarettes per day,14,0.1
Please think about the days you smoked cigarettes during the past 30 days. How many cigarettes did you usually smoke per day?,More than 20 cigarettes per day,15,0.1
"Have you ever tried or experimented with any form of smoked tobacco products other than cigarettes (such as shisha, bidi, cigar, pipe)?",Yes,680,7.2
"Have you ever tried or experimented with any form of smoked tobacco products other than cigarettes (such as shisha, bidi, cigar, pipe)?",No,7530,92.8
"During the past 30 days, did you use any form of smoked tobacco products other than cigarettes (such as shisha, bidi, cigar, pipe)?",Yes,378,3.7
"During the past 30 days, did you use any form of smoked tobacco products other than cigarettes (such as shisha, bidi, cigar, pipe)?",No,7689,96.3
Do you ever smoke tobacco or feel like smoking tobacco first thing in the morning?,I don't smoke tobacco,6637,75.7
Do you ever smoke tobacco or feel like smoking tobacco first thing in the morning?,"No, I don't smoke tobacco or feel like smoking tobacco first thing in the morning",1802,21.8
Do you ever smoke tobacco or feel like smoking tobacco first thing in the morning?,"Yes, I sometimes smoke tobacco or feel like smoking tobacco first thing in the morning",153,1.9
Do you ever smoke tobacco or feel like smoking tobacco first thing in the morning?,"Yes, I always smoke tobacco or feel like smoking tobacco first thing in the morning",59,0.7
How soon after you smoke tobacco do you start to feel a strong desire to smoke again that is hard to ignore? Original Analysis Unweighted Unweighted,I don't smoke tobacco,7901,92.2
How soon after you smoke tobacco do you start to feel a strong desire to smoke again that is hard to ignore? Original Analysis Unweighted Unweighted,I never feel a strong desire to smoke again after smoking tobacco,521,4.7
How soon after you smoke tobacco do you start to feel a strong desire to smoke again that is hard to ignore? Original Analysis Unweighted Unweighted,Within 60 minutes,95,1.2
How soon after you smoke tobacco do you start to feel a strong desire to smoke again that is hard to ignore? Original Analysis Unweighted Unweighted,1 to 2 hours,52,0.8
How soon after you smoke tobacco do you start to feel a strong desire to smoke again that is hard to ignore? Original Analysis Unweighted Unweighted,More than 2 hours to 4 hours,22,0.2
How soon after you smoke tobacco do you start to feel a strong desire to smoke again that is hard to ignore? Original Analysis Unweighted Unweighted,More than 4 hours but less than one full day,27,0.4
How soon after you smoke tobacco do you start to feel a strong desire to smoke again that is hard to ignore? Original Analysis Unweighted Unweighted,1 to 3 days,26,0.4
How soon after you smoke tobacco do you start to feel a strong desire to smoke again that is hard to ignore? Original Analysis Unweighted Unweighted,4 days or more,30,0.2
Where do you usually smoke? (select only one response),I do not smoke,7909,92.6
Where do you usually smoke? (select only one response),At home,274,2.7
Where do you usually smoke? (select only one response),At school,92,1.1
Where do you usually smoke? (select only one response),At work,108,1.2
Where do you usually smoke? (select only one response),At friends' houses,76,0.6
Where do you usually smoke? (select only one response),At social events,42,0.4
Where do you usually smoke? (select only one response),"In public places (e.g. parks, shopping centers, street corners)",80,0.9
Where do you usually smoke? (select only one response),Other,57,0.7
"Have you ever tried or experimented with any form of smokeless tobacco products (such as naswar/snuff/dip, chewing tobacco, gutka, paan prag or other ready to use sachets, betal quid with tobacco, paan with tobacco)?",Yes,938,8.4
"Have you ever tried or experimented with any form of smokeless tobacco products (such as naswar/snuff/dip, chewing tobacco, gutka, paan prag or other ready to use sachets, betal quid with tobacco, paan with tobacco)?",No,7424,91.6
"During the past 30 days, did you use any form of smokeless tobacco products (such as naswar/snuff/dip, chewing tobacco, gutka, paan prag or other ready to use sachets, betal quid with tobacco, paan with tobacco)?",Yes,461,3.8
"During the past 30 days, did you use any form of smokeless tobacco products (such as naswar/snuff/dip, chewing tobacco, gutka, paan prag or other ready to use sachets, betal quid with tobacco, paan with tobacco)?",No,7897,96.2
Do you want to stop smoking now?,I have never smoked,6125,74.0
Do you want to stop smoking now?,I don't smoke now,684,6.9
Do you want to stop smoking now?,Yes,662,6.7
Do you want to stop smoking now?,No,1096,12.4
"During the past 12 months, did you ever try to stop smoking?",I have never smoked,6424,75.7
"During the past 12 months, did you ever try to stop smoking?",I did not smoke during the past 12 months,547,6.1
"During the past 12 months, did you ever try to stop smoking?",Yes,450,4.7
"During the past 12 months, did you ever try to stop smoking?",No,1214,13.6
Do you think you would be able to stop smoking if you wanted to? Original Analysis Unweighted Unweighted,I have never smoked,6207,73.6
Do you think you would be able to stop smoking if you wanted to? Original Analysis Unweighted Unweighted,I don't smoke now,518,5.0
Do you think you would be able to stop smoking if you wanted to? Original Analysis Unweighted Unweighted,Yes,589,6.7
Do you think you would be able to stop smoking if you wanted to? Original Analysis Unweighted Unweighted,No,1265,14.7
Have you ever received help or advice to help you stop smoking? (select only one response),I have never smoked,6736,78.6
Have you ever received help or advice to help you stop smoking? (select only one response),"Yes, from a program or professional/doctor",262,2.9
Have you ever received help or advice to help you stop smoking? (select only one response),"Yes, from a friend",414,4.6
Have you ever received help or advice to help you stop smoking? (select only one response),"Yes, from a family member",130,1.4
Have you ever received help or advice to help you stop smoking? (select only one response),"Yes, from both programs or professionals and from friends or family members",100,1.3
Have you ever received help or advice to help you stop smoking? (select only one response),No,966,11.2
What was the main reason you decided to stop smoking? (select one response only),I have never smoked,7192,83.7
What was the main reason you decided to stop smoking? (select one response only),I have not stopped smoking,373,3.8
What was the main reason you decided to stop smoking? (select one response only),To improve my health,698,8.2
What was the main reason you decided to stop smoking? (select one response only),To save money,81,1.1
What was the main reason you decided to stop smoking? (select one response only),Because my family does not like it,148,1.7
What was the main reason you decided to stop smoking? (select one response only),Because my friends do not like it,87,1.1
What was the main reason you decided to stop smoking? (select one response only),On the advice of health professional,36,0.2
What was the main reason you decided to stop smoking? (select one response only),Other,52,0.3
"During the past 7 days, on how many days has anyone smoked inside your home, in your presence?",0 days,6772,79.9
"During the past 7 days, on how many days has anyone smoked inside your home, in your presence?",1 to 2 days,906,9.8
"During the past 7 days, on how many days has anyone smoked inside your home, in your presence?",3 to 4 days,328,3.3
"During the past 7 days, on how many days has anyone smoked inside your home, in your presence?",5 to 6 days,155,1.7
"During the past 7 days, on how many days has anyone smoked inside your home, in your presence?",7 days,473,5.3
How often do you see your father (stepfather) smoking in your home?,Don't have/Don't see this person,5415,63.5
How often do you see your father (stepfather) smoking in your home?,About every day,978,11.2
How often do you see your father (stepfather) smoking in your home?,Sometimes,942,10.4
How often do you see your father (stepfather) smoking in your home?,Never,1232,14.9
How often do you see your mother (stepmother) smoking in your home?,Don't have/Don't see this person,5667,65.8
How often do you see your mother (stepmother) smoking in your home?,About every day,316,3.0
How often do you see your mother (stepmother) smoking in your home?,Sometimes,366,3.3
How often do you see your mother (stepmother) smoking in your home?,Never,2283,27.9
How often do you see your brother/sister smoking in your home?,Don't have/Don't see this person,5571,66.2
How often do you see your brother/sister smoking in your home?,About every day,317,2.6
How often do you see your brother/sister smoking in your home?,Sometimes,408,3.4
How often do you see your brother/sister smoking in your home?,Never,2328,27.8
How often do you see other people smoking in your home? Original Analysis Unweighted Unweighted,Don't have/Don't see this person,4689,56.4
How often do you see other people smoking in your home? Original Analysis Unweighted Unweighted,About every day,496,5.3
How often do you see other people smoking in your home? Original Analysis Unweighted Unweighted,Sometimes,1634,17.1
How often do you see other people smoking in your home? Original Analysis Unweighted Unweighted,Never,1764,21.3
"During the past 7 days, on how many days has anyone smoked in your presence, inside any enclosed public place, other than your home (such as schools, hospitals, airport lounges, shops, restaurants, shopping malls, movie theaters, public transport)?",0 days,5626,62.1
"During the past 7 days, on how many days has anyone smoked in your presence, inside any enclosed public place, other than your home (such as schools, hospitals, airport lounges, shops, restaurants, shopping malls, movie theaters, public transport)?",1 to 2 days,1223,13.4
"During the past 7 days, on how many days has anyone smoked in your presence, inside any enclosed public place, other than your home (such as schools, hospitals, airport lounges, shops, restaurants, shopping malls, movie theaters, public transport)?",3 to 4 days,559,5.8
"During the past 7 days, on how many days has anyone smoked in your presence, inside any enclosed public place, other than your home (such as schools, hospitals, airport lounges, shops, restaurants, shopping malls, movie theaters, public transport)?",5 to 6 days,305,4.5
"During the past 7 days, on how many days has anyone smoked in your presence, inside any enclosed public place, other than your home (such as schools, hospitals, airport lounges, shops, restaurants, shopping malls, movie theaters, public transport)?",7 days,932,14.2
"During the past 7 days, on how many days has anyone smoked in your presence, inside any public transportation vehicles, such as trains, buses, or taxicabs?",I did not use public transportation during the past 7 days,4781,53.1
"During the past 7 days, on how many days has anyone smoked in your presence, inside any public transportation vehicles, such as trains, buses, or taxicabs?",I used public transportation but no one smoked in my presence,2521,28.9
"During the past 7 days, on how many days has anyone smoked in your presence, inside any public transportation vehicles, such as trains, buses, or taxicabs?",1 to 2 days,720,7.2
"During the past 7 days, on how many days has anyone smoked in your presence, inside any public transportation vehicles, such as trains, buses, or taxicabs?",3 to 4 days,264,7.3
"During the past 7 days, on how many days has anyone smoked in your presence, inside any public transportation vehicles, such as trains, buses, or taxicabs?",5 to 6 days,166,1.4
"During the past 7 days, on how many days has anyone smoked in your presence, inside any public transportation vehicles, such as trains, buses, or taxicabs?",7 days,203,2.1
"During the past 7 days, on how many days has anyone smoked in your presence, at any outdoor public place (such as playgrounds, sidewalks, entrances to buildings, public parks, bus stops, beaches)?",0 days,6359,70.3
"During the past 7 days, on how many days has anyone smoked in your presence, at any outdoor public place (such as playgrounds, sidewalks, entrances to buildings, public parks, bus stops, beaches)?",1 to 2 days,1088,12.3
"During the past 7 days, on how many days has anyone smoked in your presence, at any outdoor public place (such as playgrounds, sidewalks, entrances to buildings, public parks, bus stops, beaches)?",3 to 4 days,520,9.9
"During the past 7 days, on how many days has anyone smoked in your presence, at any outdoor public place (such as playgrounds, sidewalks, entrances to buildings, public parks, bus stops, beaches)?",5 to 6 days,218,2.9
"During the past 7 days, on how many days has anyone smoked in your presence, at any outdoor public place (such as playgrounds, sidewalks, entrances to buildings, public parks, bus stops, beaches)?",7 days,406,4.6
"During the past 30 days, did you see anyone smoke inside the school building or outside on school property?",Yes,1790,20.9
"During the past 30 days, did you see anyone smoke inside the school building or outside on school property?",No,6683,79.1
"During school hours, how often do you see teachers smoking in the school building?",About every day,517,5.3
"During school hours, how often do you see teachers smoking in the school building?",Sometimes,941,11.5
"During school hours, how often do you see teachers smoking in the school building?",Never,5927,67.2
"During school hours, how often do you see teachers smoking in the school building?",Don't know,1246,16.0
"During school hours, how often do you see teachers smoking outdoors on school premises?",About every day,456,4.5
"During school hours, how often do you see teachers smoking outdoors on school premises?",Sometimes,846,10.7
"During school hours, how often do you see teachers smoking outdoors on school premises?",Never,5772,64.1
"During school hours, how often do you see teachers smoking outdoors on school premises?",Don't know,1546,20.7
Do you think the smoke from other people's tobacco smoking is harmful to you? Original Analysis Unweighted Unweighted,Definitely not,1040,10.4
Do you think the smoke from other people's tobacco smoking is harmful to you? Original Analysis Unweighted Unweighted,Probably not,315,2.7
Do you think the smoke from other people's tobacco smoking is harmful to you? Original Analysis Unweighted Unweighted,Probably yes,762,7.3
Do you think the smoke from other people's tobacco smoking is harmful to you? Original Analysis Unweighted Unweighted,Definitely yes,6522,79.6
"Are you in favor of banning smoking inside enclosed public places (such as schools, hospitals, airport lounges, shops, restaurants, shopping malls, movie theaters, public transport)?",Yes,6713,78.2
"Are you in favor of banning smoking inside enclosed public places (such as schools, hospitals, airport lounges, shops, restaurants, shopping malls, movie theaters, public transport)?",No,1821,21.8
"Are you in favor of banning smoking at outdoor public places (such as playgrounds, sidewalks, entrances to buildings, public parks, bus stops, beaches)?",Yes,6719,77.9
"Are you in favor of banning smoking at outdoor public places (such as playgrounds, sidewalks, entrances to buildings, public parks, bus stops, beaches)?",No,1779,22.1
"The last time you smoked cigarettes during the past 30 days, how did you get them? (select only one response)",I did not smoke any cigarettes during the past 30 days,8165,94.9
"The last time you smoked cigarettes during the past 30 days, how did you get them? (select only one response)",I bought them in a store or shop,227,2.2
"The last time you smoked cigarettes during the past 30 days, how did you get them? (select only one response)",I bought them from a street vendor,104,0.9
"The last time you smoked cigarettes during the past 30 days, how did you get them? (select only one response)",I bought them at a kiosk,52,0.5
"The last time you smoked cigarettes during the past 30 days, how did you get them? (select only one response)",I bought them from a school canteen,23,0.4
"The last time you smoked cigarettes during the past 30 days, how did you get them? (select only one response)",I got them from a pharmacy,22,0.2
"The last time you smoked cigarettes during the past 30 days, how did you get them? (select only one response)",I got them some other way,79,0.9
"During the past 30 days, did anyone refuse to sell you cigarettes because of your age?",I did not try to buy cigarettes during the past 30 days,7742,90.8
"During the past 30 days, did anyone refuse to sell you cigarettes because of your age?","Yes, someone refused to sell me cigarettes because of my age",483,5.6
"During the past 30 days, did anyone refuse to sell you cigarettes because of your age?","No, my age did not keep me from buying cigarettes",381,3.5
"The last time you bought cigarettes during the past 30 days, how did you buy them?",I did not buy cigarettes during the past 30 days,8059,94.0
"The last time you bought cigarettes during the past 30 days, how did you buy them?",I bought them in a pack,244,2.8
"The last time you bought cigarettes during the past 30 days, how did you buy them?",I bought individual sticks (singles),156,1.8
"The last time you bought cigarettes during the past 30 days, how did you buy them?",I bought them in a carton,44,0.6
"The last time you bought cigarettes during the past 30 days, how did you buy them?",I bought them in rolls/dundas,32,0.4
"The last time you bought cigarettes during the past 30 days, how did you buy them?",I bought tobacco and rolled my own,58,0.5
"On average, how much do you think a pack of 20 cigarettes costs? (in PKR)",Less than Rs: 30,1152,11.7
"On average, how much do you think a pack of 20 cigarettes costs? (in PKR)",Rs: 31 to 40,483,6.2
"On average, how much do you think a pack of 20 cigarettes costs? (in PKR)",Rs: 41-50,145,1.5
"On average, how much do you think a pack of 20 cigarettes costs? (in PKR)",Rs: 51-60,70,0.7
"On average, how much do you think a pack of 20 cigarettes costs? (in PKR)",Rs: 61-70,44,1.1
"On average, how much do you think a pack of 20 cigarettes costs? (in PKR)",Rs: 71-80,45,0.6
"On average, how much do you think a pack of 20 cigarettes costs? (in PKR)",Rs: 80 or more,128,1.9
"On average, how much do you think a pack of 20 cigarettes costs? (in PKR)",I don't know,6537,76.2
"During the past 30 days, what brand of cigarettes did you usually smoke? (select only one response) Original Analysis Unweighted Unweighted",I did not smoke cigarettes during the past 30 days,7100,79.5
"During the past 30 days, what brand of cigarettes did you usually smoke? (select only one response) Original Analysis Unweighted Unweighted",No usual brand,1161,15.1
"During the past 30 days, what brand of cigarettes did you usually smoke? (select only one response) Original Analysis Unweighted Unweighted",Gold Flake,197,2.4
"During the past 30 days, what brand of cigarettes did you usually smoke? (select only one response) Original Analysis Unweighted Unweighted",Morven Gold,29,0.7
"During the past 30 days, what brand of cigarettes did you usually smoke? (select only one response) Original Analysis Unweighted Unweighted",Capstain,29,0.4
"During the past 30 days, what brand of cigarettes did you usually smoke? (select only one response) Original Analysis Unweighted Unweighted",Embassy,65,1.0
"During the past 30 days, what brand of cigarettes did you usually smoke? (select only one response) Original Analysis Unweighted Unweighted",Gold Leaf,8,0.2
"During the past 30 days, what brand of cigarettes did you usually smoke? (select only one response) Original Analysis Unweighted Unweighted",Other,65,0.8
Do you think the price of tobacco products should be increased?,Yes,4293,49.8
Do you think the price of tobacco products should be increased?,No,4141,50.2
"During the past 30 days, did you see or hear any anti-tobacco media messages on television, radio, internet, billboards, posters, newspapers, magazines, or movies?",Yes,4413,51.1
"During the past 30 days, did you see or hear any anti-tobacco media messages on television, radio, internet, billboards, posters, newspapers, magazines, or movies?",No,4060,48.9
"During the past 30 days, did you see or hear any anti-tobacco messages at sports events, fairs, concerts, or community events, or social gatherings? past 30 days","I did not go to sports events, fairs, concerts, or community events, or social gatherings in the",3843,42.6
"During the past 30 days, did you see or hear any anti-tobacco messages at sports events, fairs, concerts, or community events, or social gatherings? past 30 days",Yes,1780,20.2
"During the past 30 days, did you see or hear any anti-tobacco messages at sports events, fairs, concerts, or community events, or social gatherings? past 30 days",No,2945,37.2
"During the past 30 days, did you see any signs stating that adolescents are not allowed to buy any tobacco products?",Yes,2357,27.7
"During the past 30 days, did you see any signs stating that adolescents are not allowed to buy any tobacco products?",No,5949,72.3
"During the past 30 days, how many anti-smoking media messages have you seen at points of sale (such as stores, shops, shopping malls, school canteen, etc. )?",A lot,1766,19.1
"During the past 30 days, how many anti-smoking media messages have you seen at points of sale (such as stores, shops, shopping malls, school canteen, etc. )?",A few,2065,25.8
"During the past 30 days, how many anti-smoking media messages have you seen at points of sale (such as stores, shops, shopping malls, school canteen, etc. )?",,4741,55.1
"During the past 30 days, did you see any health warnings on cigarette packages?","Yes, but I didn't think much of them",3702,44.3
"During the past 30 days, did you see any health warnings on cigarette packages?","Yes, and they led me to think about quitting smoking or not starting smoking",956,10.4
"During the past 30 days, did you see any health warnings on cigarette packages?",No,3887,45.2
"During the past 12 months, were you taught in any of your classes about the dangers of tobacco use?",Yes,3988,50.3
"During the past 12 months, were you taught in any of your classes about the dangers of tobacco use?",No,3297,35.6
"During the past 12 months, were you taught in any of your classes about the dangers of tobacco use?",I don't know,1215,14.1
"During the past 12 months, did you read in your school texts or books about the health effects of tobacco? Original Analysis Unweighted Unweighted",Yes,4189,51.5
"During the past 12 months, did you read in your school texts or books about the health effects of tobacco? Original Analysis Unweighted Unweighted",No,3116,32.2
"During the past 12 months, did you read in your school texts or books about the health effects of tobacco? Original Analysis Unweighted Unweighted",I do not have school texts or books,1283,16.3
"During the past 12 months, were you taught in any of your classes about the harmful effects of using tobacco like it makes your teeth yellow, causes wrinkles, or makes you smell bad?",Yes,4169,53.9
"During the past 12 months, were you taught in any of your classes about the harmful effects of using tobacco like it makes your teeth yellow, causes wrinkles, or makes you smell bad?",No,2777,28.6
"During the past 12 months, were you taught in any of your classes about the harmful effects of using tobacco like it makes your teeth yellow, causes wrinkles, or makes you smell bad?",Not sure,1619,17.6
"During the past 30 days, did you see any people using tobacco when you watched TV, videos, or movies?","I did not watch TV, videos, or movies in the past 30 days",2514,29.9
"During the past 30 days, did you see any people using tobacco when you watched TV, videos, or movies?",Yes,3883,45.0
"During the past 30 days, did you see any people using tobacco when you watched TV, videos, or movies?",No,2091,25.0
"During the past 30 days, did you see any tobacco product brand names when you watched sports events or any other programs on TV?",I did not watch TV in the past 30 days,2238,28.5
"During the past 30 days, did you see any tobacco product brand names when you watched sports events or any other programs on TV?",Yes,1803,17.8
"During the past 30 days, did you see any tobacco product brand names when you watched sports events or any other programs on TV?",No,4510,53.6
"During the past 30 days, did you see any advertisements or promotions for tobacco products at points of sale (such as stores, shops, shopping malls, kiosks, school canteen, etc.)?",I did not visit any points of sale in the past 30 days,2570,27.1
"During the past 30 days, did you see any advertisements or promotions for tobacco products at points of sale (such as stores, shops, shopping malls, kiosks, school canteen, etc.)?",Yes,2035,23.6
"During the past 30 days, did you see any advertisements or promotions for tobacco products at points of sale (such as stores, shops, shopping malls, kiosks, school canteen, etc.)?",No,3943,49.4
"During the past 30 days, did you see any advertisements for tobacco products on billboards?",I did not see any billboards in the past 30 days,2901,32.4
"During the past 30 days, did you see any advertisements for tobacco products on billboards?",Yes,1897,20.9
"During the past 30 days, did you see any advertisements for tobacco products on billboards?",No,3700,46.7
"During the past 30 days, did you see any advertisements for tobacco products in newspapers or magazines?",I did not read any newspapers or magazines in the past 30 days,2599,30.4
"During the past 30 days, did you see any advertisements for tobacco products in newspapers or magazines?",Yes,2412,26.1
"During the past 30 days, did you see any advertisements for tobacco products in newspapers or magazines?",No,3570,43.5
"During the past 30 days, did you see any advertisements or promotions for tobacco products at fairs or community events?",I did not attend any fairs or community events in the past 30 days,3618,38.7
"During the past 30 days, did you see any advertisements or promotions for tobacco products at fairs or community events?",Yes,1107,13.3
"During the past 30 days, did you see any advertisements or promotions for tobacco products at fairs or community events?",No,3835,48.1
"During the past 30 days, did you see any advertisements for tobacco products when you attended sports events? Original Analysis Unweighted Unweighted",I did not attend any sports events in the past 30 days,3417,36.1
"During the past 30 days, did you see any advertisements for tobacco products when you attended sports events? Original Analysis Unweighted Unweighted",Yes,1033,12.6
"During the past 30 days, did you see any advertisements for tobacco products when you attended sports events? Original Analysis Unweighted Unweighted",No,4049,51.3
"During the past 30 days, did you see any advertisements for tobacco products at concerts?",I did not attend any concerts in the past 30 days,3639,39.4
"During the past 30 days, did you see any advertisements for tobacco products at concerts?",Yes,1002,11.6
"During the past 30 days, did you see any advertisements for tobacco products at concerts?",No,3920,48.9
"Would you ever use or wear something that has a tobacco company or tobacco product name or picture on it such as a lighter, pen, t-shirt, hat, or sunglasses?",Yes,886,11.0
"Would you ever use or wear something that has a tobacco company or tobacco product name or picture on it such as a lighter, pen, t-shirt, hat, or sunglasses?",Maybe,1647,18.6
"Would you ever use or wear something that has a tobacco company or tobacco product name or picture on it such as a lighter, pen, t-shirt, hat, or sunglasses?",No,5934,70.3
"Do you have something (for example, t-shirt, pen, hat lighter, or backpack) with a tobacco product brand logo on it?",Yes,984,13.5
"Do you have something (for example, t-shirt, pen, hat lighter, or backpack) with a tobacco product brand logo on it?",No,6786,86.5
Has a person working for a tobacco company ever offered you a free tobacco product?,Yes,775,9.1
Has a person working for a tobacco company ever offered you a free tobacco product?,No,7477,90.9
Have you ever received a coupon from a tobacco company?,Yes,716,8.9
Have you ever received a coupon from a tobacco company?,No,7542,91.1
Do you think tobacco advertising should be banned?,Yes,5894,67.5
Do you think tobacco advertising should be banned?,No,2396,32.5
"If one of your best friends offered you a tobacco product, would you use it?",Definitely not,7660,89.0
"If one of your best friends offered you a tobacco product, would you use it?",Probably not,473,5.1
"If one of your best friends offered you a tobacco product, would you use it?",Probably yes,291,3.4
"If one of your best friends offered you a tobacco product, would you use it?",Definitely yes,185,2.4
At anytime during the next 12 months do you think you will use any form of tobacco?,Definitely not,7503,86.7
At anytime during the next 12 months do you think you will use any form of tobacco?,Probably not,509,6.2
At anytime during the next 12 months do you think you will use any form of tobacco?,Probably yes,327,4.1
At anytime during the next 12 months do you think you will use any form of tobacco?,Definitely yes,270,3.0
"Once someone has started smoking tobacco, do you think it would be difficult for them to quit? Original Analysis Unweighted Unweighted",Definitely not,3045,39.0
"Once someone has started smoking tobacco, do you think it would be difficult for them to quit? Original Analysis Unweighted Unweighted",Probably not,2128,22.2
"Once someone has started smoking tobacco, do you think it would be difficult for them to quit? Original Analysis Unweighted Unweighted",Probably yes,718,8.5
"Once someone has started smoking tobacco, do you think it would be difficult for them to quit? Original Analysis Unweighted Unweighted",Definitely yes,2693,30.3
"Do you think smoking tobacco helps people feel more comfortable or less comfortable at celebrations, parties, or in other social gatherings?",More comfortable,5107,62.4
"Do you think smoking tobacco helps people feel more comfortable or less comfortable at celebrations, parties, or in other social gatherings?",Less comfortable,1847,25.8
"Do you think smoking tobacco helps people feel more comfortable or less comfortable at celebrations, parties, or in other social gatherings?",No difference whether smoking or not,1493,11.9
"Do you agree or disagree with the following: ""I think I might enjoy smoking a cigarette.""",I currently smoke cigarettes,675,8.6
"Do you agree or disagree with the following: ""I think I might enjoy smoking a cigarette.""",Strongly agree,734,9.4
"Do you agree or disagree with the following: ""I think I might enjoy smoking a cigarette.""",Agree,605,6.8
"Do you agree or disagree with the following: ""I think I might enjoy smoking a cigarette.""",Disagree,2389,25.2
"Do you agree or disagree with the following: ""I think I might enjoy smoking a cigarette.""",Strongly disagree,4118,49.9
Do any of your closest friends smoke tobacco?,None of them,6811,80.4
Do any of your closest friends smoke tobacco?,Some of them,1313,14.2
Do any of your closest friends smoke tobacco?,Most of them,235,3.4
Do any of your closest friends smoke tobacco?,All of them,169,2.0
Do you think it is safe to smoke tobacco for only a year or two as long as you quit after that?,Definitely not,4133,46.4
Do you think it is safe to smoke tobacco for only a year or two as long as you quit after that?,Probably not,1957,21.6
Do you think it is safe to smoke tobacco for only a year or two as long as you quit after that?,Probably yes,891,12.0
Do you think it is safe to smoke tobacco for only a year or two as long as you quit after that?,Definitely yes,1611,20.0
Do you believe that tobacco companies try to get young people under age 18 to use tobacco products?,Yes,4585,51.1
Do you believe that tobacco companies try to get young people under age 18 to use tobacco products?,No,3731,48.9
"Have you ever tried or experimented with shisha smoking, even one or two puffs?",Yes,1016,11.7
"Have you ever tried or experimented with shisha smoking, even one or two puffs?",No,7228,88.3
How old were you when you first tried smoking shisha?,I have never tried smoking shisha,7543,86.2
How old were you when you first tried smoking shisha?,7 years old or younger,462,5.7
How old were you when you first tried smoking shisha?,8 or 9 years old,198,2.6
How old were you when you first tried smoking shisha?,10 or 11 years old,138,2.1
How old were you when you first tried smoking shisha?,12 or 13 years old,106,1.6
How old were you when you first tried smoking shisha?,14 or 15 years old,104,1.1
How old were you when you first tried smoking shisha?,16 years old or older,71,0.7
Do you think the smoke from other people's shisha smoking is harmful to you? Original Analysis Unweighted Unweighted,Definitely not,1536,18.3
Do you think the smoke from other people's shisha smoking is harmful to you? Original Analysis Unweighted Unweighted,Probably not,1347,14.0
Do you think the smoke from other people's shisha smoking is harmful to you? Original Analysis Unweighted Unweighted,Probably yes,367,4.6
Do you think the smoke from other people's shisha smoking is harmful to you? Original Analysis Unweighted Unweighted,Definitely yes,5272,63.1
"The last time you smoked shisha during the past 30 days, where did you smoke it? (select only one response)",I did not smoke shisha during the past 30 days,7456,85.4
"The last time you smoked shisha during the past 30 days, where did you smoke it? (select only one response)",At home,479,6.2
"The last time you smoked shisha during the past 30 days, where did you smoke it? (select only one response)",At a coffee shop,191,3.0
"The last time you smoked shisha during the past 30 days, where did you smoke it? (select only one response)",At a restaurant,196,2.4
"The last time you smoked shisha during the past 30 days, where did you smoke it? (select only one response)",At a club,62,0.9
"The last time you smoked shisha during the past 30 days, where did you smoke it? (select only one response)",Other,146,1.9
"During the past 30 days, did anyone refuse to serve you shisha because of your age?",I did not try to get shisha served to me during the past 30 days,7196,85.0
"During the past 30 days, did anyone refuse to serve you shisha because of your age?","Yes, someone refused to serve me shisha because of my age",829,9.8
"During the past 30 days, did anyone refuse to serve you shisha because of your age?","No, my age did not keep me from being served shisha",439,5.2
About how many students in your grade smoke tobacco?,Most of them,690,7.6
About how many students in your grade smoke tobacco?,About half of them,547,7.7
About how many students in your grade smoke tobacco?,Some of them,1100,11.1
About how many students in your grade smoke tobacco?,None of them,6160,73.5
Do you think young people who smoke tobacco have more or less friends?,More friends,1715,19.9
Do you think young people who smoke tobacco have more or less friends?,Less friends,4741,60.2
Do you think young people who smoke tobacco have more or less friends?,No difference from non-smokers,1777,19.9
Do you think smoking tobacco makes young people look more or less attractive?,More attractive,3109,39.2
Do you think smoking tobacco makes young people look more or less attractive?,Less attractive,3740,44.2
Do you think smoking tobacco makes young people look more or less attractive?,No difference from non-smokers,1614,16.6
Do you think smoking tobacco is harmful to your health?,Definitely not,952,12.8
Do you think smoking tobacco is harmful to your health?,Probably not,852,9.9
Do you think smoking tobacco is harmful to your health?,Probably yes,391,5.0
Do you think smoking tobacco is harmful to your health?,Definitely yes,6318,72.4
